frame,keypoint,distance_px,png_conf,jpeg_conf,png_xy,jpeg_xy
00000154,0,0.6739454149834788,0.9649434089660645,0.9640883207321167,"[1470.9832424587673, 311.096194823583]","[1471.6563640170627, 311.0628813107809]"
00000154,1,0.45694520658809584,1.0134649276733398,1.0152254104614258,"[1484.632371690538, 299.7219207286835]","[1484.1773370107014, 299.6801791191101]"
00000154,2,0.6736260928647226,0.9553248882293701,0.9569976329803467,"[1469.8458150227864, 298.5844933191935]","[1470.5180937449138, 298.541908899943]"
00000154,3,0.425868652603337,0.9260655641555786,0.9247571229934692,"[1525.5797593858506, 313.37104964256287]","[1525.155066808065, 313.339421749115]"
00000154,4,0.6741204664119257,0.6333061456680298,0.6325781345367432,"[1470.9832424587673, 306.54648518562317]","[1471.6563640170627, 306.50980043411255]"
00000154,5,0.7432228755483586,0.7519237995147705,0.7498745918273926,"[1565.3897196451824, 375.92955716451013]","[1566.1327966054282, 375.9442838033041]"
00000154,6,0.6955739477048383,0.7307161092758179,0.7290054559707642,"[1500.5563557942708, 392.99096830685926]","[1501.251391092936, 393.01833709081006]"
00000154,7,0.3439728380060722,0.7950818538665771,0.7922850847244263,"[1642.7347852918838, 443.0377743244171]","[1642.3969048394097, 443.1022267341614]"
00000154,8,1.1187080366591169,0.625540554523468,0.6266975402832031,"[1517.6177673339844, 498.77171738942457]","[1517.187174903022, 497.7391972541809]"
00000154,9,0.40578132750917045,0.7750394344329834,0.772000789642334,"[1575.6265665690103, 518.1079833507538]","[1575.2389587826199, 518.2280611991882]"
00000154,10,1.1317044837656474,0.7740265130996704,0.7771257162094116,"[1458.4715406629775, 505.59628184636426]","[1457.997120751275, 504.56881856918335]"
00000154,11,0.7647776207842975,0.6365979313850403,0.6350573897361755,"[1569.939429389106, 580.6664908727009]","[1570.685877694024, 580.8329232533772]"
00000154,12,1.2091613838683557,0.5992575883865356,0.597327709197998,"[1538.0914611816406, 584.0787731011708]","[1538.8143100738525, 583.1094636917114]"
00000154,13,0.9645987617884398,0.7055690288543701,0.7027499079704285,"[1506.2434929741753, 733.0817637443542]","[1505.8044721815322, 732.2228624025979]"
00000154,14,0.8080666273418439,0.681856632232666,0.6808469295501709,"[1582.451131184896, 742.1811830202737]","[1583.2068506876628, 742.4672943751016]"
00000154,15,0.8594541727684099,0.705413818359375,0.7005068063735962,"[1609.7493896484375, 854.7864965597787]","[1610.5253372192383, 855.1560460726419]"
00000154,16,0.5069119659631464,0.7323570847511292,0.7291313409805298,"[1665.4833340115017, 885.4970366160073]","[1665.1623102823894, 885.8893419901528]"
00000154,17,1.2699330004960205,0.8329051733016968,0.8314420580863953,"[1497.1440734863281, 256.4996791680654]","[1497.8365802764893, 257.56418100992835]"
00000154,18,0.7127408695949949,0.9308344125747681,0.9297122955322266,"[1524.4423319498699, 360.00557343165076]","[1525.155066808065, 360.00850073496497]"
00000154,19,1.2145882875352385,0.8924497365951538,0.8902953863143921,"[1556.290300157335, 588.6284827391307]","[1557.0266344282363, 587.6625445683796]"
00000154,20,1.0346542062915087,0.5776481032371521,0.565091609954834,"[1569.939429389106, 925.3069959481559]","[1570.685877694024, 924.5905294418335]"
00000154,21,8.478252229613688,0.6239545941352844,0.6129364371299744,"[1607.4745347764756, 936.6812700430551]","[1599.1426344977485, 938.2497720718384]"
00000154,22,1.0521184310241551,0.5834563970565796,0.5740242600440979,"[1593.8254055447048, 916.207576672236]","[1594.5895534091526, 915.4843676884971]"
00000154,23,8.333439421062131,0.5959926843643188,0.5950027704238892,"[1619.9862365722656, 928.7192781766257]","[1611.6636074913872, 929.1436103185019]"
00000154,24,2.0777385122960723,0.6609964370727539,0.6542762517929077,"[1638.18507554796, 871.8479077021279]","[1640.1203642951118, 871.0918291409812]"
00000154,25,1.4916109686397785,0.6932249665260315,0.685820460319519,"[1696.193874782986, 898.0087381203971]","[1694.7573373582627, 898.410314400991]"
00000163,0,1.0252004657569442,0.9987423419952393,0.9957175254821777,"[1303.0801162719727, 286.02313232421875]","[1303.0191243489583, 284.9997477531433]"
00000163,1,0.16610685957334895,1.07624351978302,1.0722343921661377,"[1315.9429626464844, 274.3296356201172]","[1315.8750796847874, 274.48123836517334]"
00000163,2,1.017659665020771,0.9733227491378784,0.968413233757019,"[1301.9107666015625, 271.9909362792969]","[1301.8504011366103, 270.97506856918335]"
00000163,3,0.16945284502849353,1.0213574171066284,1.0253052711486816,"[1355.7008514404297, 288.36183166503906]","[1355.6116689046223, 288.5059175491333]"
00000163,4,1.1170159631894947,0.6609059572219849,0.6542949676513672,"[1304.2494659423828, 280.17638397216797]","[1305.3565707736545, 280.32485469182325]"
00000163,5,0.1583032590615821,0.7788174152374268,0.7808871269226074,"[1397.7974395751953, 347.99866485595703]","[1397.6857045491536, 348.11080408096313]"
00000163,6,1.2712373126361933,0.7383679151535034,0.7416208386421204,"[1310.0962142944336, 369.04695892333984]","[1310.0314636230469, 370.31654612223304]"
00000163,7,1.2443049706243647,0.8384430408477783,0.8373484015464783,"[1460.9423217773438, 432.1918411254883]","[1460.7967580159507, 433.42760245005286]"
00000163,8,1.7506215699427516,0.6450958251953125,0.6516981720924377,"[1351.023452758789, 461.4255828857422]","[1349.7680528428818, 462.64568408330285]"
00000163,9,0.11479298355710756,0.8235668540000916,0.8263567686080933,"[1381.4265441894531, 462.59493255615234]","[1381.3235795762803, 462.64568408330285]"
00000163,10,1.2064557007757863,0.825861930847168,0.8280342221260071,"[1297.2333679199219, 489.48997497558594]","[1297.1755082872178, 490.6950424512228]"
00000163,11,1.5812001911408677,0.6441577672958374,0.6461840867996216,"[1380.257194519043, 559.6509552001953]","[1381.3235795762803, 560.8184383710226]"
00000163,12,2.3358668971886365,0.6234802007675171,0.6245259046554565,"[1347.5154037475586, 563.1590042114258]","[1347.4306064181858, 565.4933314323425]"
00000163,13,1.0846971391819202,0.7094008922576904,0.7107326984405518,"[1340.4993057250977, 719.8518600463867]","[1340.4182671440972, 720.9335257212322]"
00000163,14,1.053445546728549,0.6562496423721313,0.6611120700836182,"[1410.660285949707, 714.0051116943359]","[1411.7103830973308, 713.9211861292522]"
00000163,15,0.18348913177705234,0.769253134727478,0.7695980072021484,"[1297.2333679199219, 882.3914642333984]","[1297.1755082872178, 882.2173363367717]"
00000163,16,0.2317815227082363,0.755209743976593,0.7571313381195068,"[1548.6435470581055, 798.1982879638672]","[1548.4509989420571, 798.069261233012]"
00000163,17,1.7326110741055751,0.7968222498893738,0.7988101243972778,"[1335.821907043457, 225.21694946289062]","[1336.912097507053, 226.56358448664344]"
00000163,18,0.1475300007200091,0.9180136322975159,0.9150000810623169,"[1348.6847534179688, 332.797119140625]","[1348.599329630534, 332.9174016316731]"
00000163,19,0.09677255124826104,0.9379334449768066,0.9368396997451782,"[1369.7330474853516, 564.3283538818359]","[1369.6363474527996, 564.3246081670126]"
00000163,20,1.7959344948826184,0.8094884157180786,0.807472288608551,"[1227.0723876953125, 888.2382125854492]","[1225.8833923339844, 886.8922293980916]"
00000163,21,1.3813811103812237,0.8501732349395752,0.8396809697151184,"[1565.0144424438477, 887.0688629150391]","[1563.6444007025825, 886.8922293980916]"
00000163,22,0.18455217545330618,0.7606838941574097,0.7605348825454712,"[1235.2578353881836, 898.7623596191406]","[1235.233178032769, 898.5794620513916]"
00000163,23,0.2630515093970612,0.7438077926635742,0.733277440071106,"[1560.337043762207, 878.883415222168]","[1560.138231065538, 878.7111665407817]"
00000163,24,0.9824500903259176,0.7739733457565308,0.7791218757629395,"[1313.604263305664, 909.286506652832]","[1313.537633260091, 910.2666947046916]"
00000163,25,1.3098184967034987,0.7824684381484985,0.7851529717445374,"[1575.538589477539, 790.0128402709961]","[1575.3316328260635, 788.7194751103718]"
00000172,0,1.0797436972715149,0.9955416917800903,0.9872044324874878,"[1123.869948916965, 332.14730270703626]","[1123.7955292595757, 333.22447872161865]"
00000172,1,0.07794393773434126,1.03379225730896,1.0237971544265747,"[1139.2921295166016, 322.2330435117085]","[1139.2182290818955, 322.20826482772827]"
00000172,2,1.0793321767598691,0.9635818600654602,0.9584252834320068,"[1126.073117574056, 320.02987480163574]","[1125.9987720913357, 321.10664343833923]"
00000172,3,1.128185472731318,0.9822958707809448,0.9810248017311096,"[1176.7459966871475, 338.75680883725477]","[1176.6733572218154, 337.6309642791748]"
00000172,4,1.0278642430090095,0.603185772895813,0.613849401473999,"[1134.8857922024197, 331.045718352]","[1135.9133648342556, 331.0212359428406]"
00000172,5,1.6241264709435599,0.7507494688034058,0.7509543895721436,"[1215.3014481862388, 412.5629606246948]","[1214.128485361735, 411.43959736824036]"
00000172,6,1.1749792263949774,0.6755385398864746,0.6746280193328857,"[1161.3238160875107, 415.8677136898041]","[1160.1490359836155, 415.8460829257965]"
00000172,7,1.122112200206249,0.7622967958450317,0.7629498243331909,"[1234.0283817715115, 516.111889998118]","[1233.9576708475747, 514.9920079708099]"
00000172,8,2.1863608060922384,0.5720643401145935,0.5791540145874023,"[1188.8634243011475, 521.6198117733002]","[1188.7911927964951, 523.8049790859222]"
00000172,9,1.0284332790621047,0.7996760606765747,0.798273503780365,"[1154.714310116238, 466.54059402147925]","[1155.7425503200955, 466.52066683769226]"
00000172,10,1.088496035229321,0.7507193088531494,0.7545093297958374,"[1158.0190631018745, 595.4259635607401]","[1157.9457931518555, 596.5119907855988]"
00000172,11,1.0889563818257357,0.6489344835281372,0.6533828377723694,"[1199.879267586602, 611.9497288862865]","[1199.8074069552952, 613.0363116264343]"
00000172,12,2.4180971488691103,0.6060149073600769,0.6117532253265381,"[1178.9491653442383, 611.9497288862865]","[1179.9782214694553, 614.1379330158234]"
00000172,13,0.07396634292580269,0.7323036789894104,0.7370256185531616,"[1156.917478773329, 766.1715385913849]","[1156.8441717359756, 766.1616847515106]"
00000172,14,1.0289189442485398,0.6696947813034058,0.6732046008110046,"[1173.441243701511, 762.8667855262756]","[1174.4701143900554, 762.8568205833435]"
00000172,15,1.6057859642494994,0.704187273979187,0.7070596218109131,"[1205.3871892293296, 901.6664142608643]","[1204.2138926188152, 902.7627370357513]"
00000172,16,2.4252507531085845,0.6620468497276306,0.662844181060791,"[1294.615519841512, 792.6095631122589]","[1295.6484701368545, 794.8038408756256]"
00000172,17,3.8965391917051955,0.7814289331436157,0.7837647795677185,"[1159.12064743042, 280.3728380203247]","[1162.3522788153755, 282.5498948097229]"
00000172,18,0.07614057686140584,0.8647922277450562,0.8601685762405396,"[1175.644412358602, 383.92176739374804]","[1175.5717358059353, 383.8990626335144]"
00000172,19,0.07359889185515425,0.8612720966339111,0.8698567152023315,"[1194.3713459438748, 611.9497288862865]","[1194.2992998758953, 611.9346902370453]"
00000172,20,0.07382570264351723,0.7794963717460632,0.7850896716117859,"[1145.9016354878743, 920.3933482964833]","[1145.8279575771755, 920.388679265976]"
00000172,21,3.063469843885441,0.6164914965629578,0.6423074007034302,"[1311.139284769694, 868.6188836097717]","[1313.274412790934, 870.8157167434692]"
00000172,22,1.1084801485037934,0.7640687227249146,0.771377682685852,"[1163.5269847446018, 927.0028544267018]","[1163.4539002312554, 925.8967862129211]"
00000172,23,2.135101816740502,0.5727272033691406,0.5974427461624146,"[1310.0377004411484, 856.5014557043712]","[1312.1727913750542, 856.4946386814117]"
00000172,24,1.0991479862717999,0.7637544274330139,0.7694374322891235,"[1237.333134757148, 918.1901795864105]","[1237.2625350952148, 919.2870578765869]"
00000172,25,1.5038077564005503,0.6615128517150879,0.6673270463943481,"[1318.8503750695122, 777.1873821417491]","[1319.8841412862143, 778.27952003479]"
00000181,0,0.6242772380829188,0.9512465000152588,0.9586012363433838,"[949.6632351345486, 307.1515519618988]","[950.2721047931248, 307.28939175605774]"
00000181,1,1.3617395605345255,0.9975067377090454,0.9911125302314758,"[963.2140367296006, 296.9884510040283]","[962.7013041178386, 298.2499738534292]"
00000181,2,0.5350612538981878,0.8736667633056641,0.8909022808074951,"[953.0509355333115, 294.7299841245016]","[952.5319592158, 294.8601921399435]"
00000181,3,0.5120061278199243,1.0288323163986206,1.0499205589294434,"[997.091040717231, 313.9269526004791]","[996.599120457967, 314.0689551830292]"
00000181,4,1.7855899102445296,0.6392272710800171,0.6691622138023376,"[1017.4172431098091, 303.76385164260864]","[1019.1976646847195, 303.899610042572]"
00000181,5,2.174182942506388,0.7787946462631226,0.7790932059288025,"[1001.6079745822483, 379.4224921067555]","[1002.2487565146553, 377.3448805014292]"
00000181,6,1.7913176655423966,0.7146114110946655,0.7071269750595093,"[1019.6757100423176, 382.81019242604566]","[1021.4575191073948, 382.994516690572]"
00000181,7,1.835263718430219,0.7673207521438599,0.761025607585907,"[1026.4511108398438, 469.76116728782654]","[1024.8473007414077, 468.8689867655437]"
00000181,8,1.5312670240271233,0.7052945494651794,0.6983761787414551,"[1065.9742821587456, 476.53656792640686]","[1066.6546075608994, 477.9084046681721]"
00000181,9,0.5679924008033418,0.7907090187072754,0.7974518537521362,"[942.8878343370225, 434.7549306551616]","[942.3626143137615, 434.9711696306865]"
00000181,10,4.141064173949323,0.5008776187896729,0.5074485540390015,"[1036.6142120361328, 528.4813061555226]","[1033.8867184321084, 525.3653486569722]"
00000181,11,0.9484959577046791,0.6310862302780151,0.6278024315834045,"[1021.9341769748264, 587.2014450232189]","[1021.4575191073948, 586.3814194997151]"
00000181,12,1.0339412191464163,0.6098580360412598,0.6058269739151001,"[988.0571729871963, 590.589145342509]","[988.6896299786038, 589.7712012132008]"
00000181,13,0.5994365564331652,0.6448590755462646,0.633931040763855,"[1078.3958502875435, 741.906426270803]","[1077.9538796742756, 742.3113783200583]"
00000181,14,0.7138088613754552,0.6870715022087097,0.6881349086761475,"[934.9832000732422, 712.5463568369546]","[935.5830510457356, 712.9332701365151]"
00000181,15,0.8890947045772524,0.7418802976608276,0.7306947708129883,"[1173.251461452908, 869.5098049640656]","[1173.9976926379734, 869.9931561946869]"
00000181,16,1.900306217394496,0.7413150072097778,0.7392475605010986,"[985.7987060546875, 843.5374358495078]","[986.4297755559285, 841.7449752489724]"
00000181,17,0.5096931440753829,0.7443366050720215,0.767359733581543,"[985.7987060546875, 252.94834685325623]","[985.2998483445908, 253.05288434028625]"
00000181,18,0.6591779273154065,0.8433055877685547,0.8446813225746155,"[995.9618072509766, 356.8378233114878]","[996.599120457967, 357.0061902205149]"
00000181,19,1.0432617802057464,0.9513658285140991,0.952272355556488,"[1008.3833753797744, 587.2014450232189]","[1009.0283197826809, 586.3814194997151]"
00000181,20,1.6160401828613948,0.7919101715087891,0.7775322198867798,"[1147.279091729058, 931.617644151052]","[1145.749512354533, 932.1391542752585]"
00000181,21,0.8739295219779061,0.8161438703536987,0.8021211624145508,"[932.7247331407334, 885.3190731207528]","[933.3231966230605, 884.6822102864585]"
00000181,22,1.692479354563468,0.7736204862594604,0.7696391344070435,"[1165.3468271891275, 924.8422435124717]","[1164.9582749472725, 926.4895180861154]"
00000181,23,1.846518165233511,0.7851302027702332,0.7818719744682312,"[937.241667005751, 876.2852056026459]","[938.9728326797485, 875.6427923838296]"
00000181,24,1.7813926292041102,0.7954837083816528,0.7853803634643555,"[1202.611531575521, 862.7344043254852]","[1203.3758001327515, 864.3435200055442]"
00000181,25,5.466823780660637,0.6895991563796997,0.6679782271385193,"[1009.5126088460286, 862.7344043254852]","[1011.2881742053562, 857.5639565785727]"
00000190,0,2.347306343714282,0.9704883694648743,0.9727655649185181,"[774.8408821953667, 319.18009742101026]","[774.3126856486003, 321.46720377604174]"
00000190,1,1.3132509680839155,0.9932762980461121,0.9962639808654785,"[786.9328239228989, 310.38595819473267]","[786.3931427001953, 311.58319346110034]"
00000190,2,1.3140814880386351,0.8949310779571533,0.8910362720489502,"[779.2379519144695, 305.98888858159376]","[778.7055791219075, 307.19029998779297]"
00000190,3,0.5766405576107041,0.9245834350585938,0.928255558013916,"[818.8115793863933, 322.4778996308644]","[818.2416203816733, 322.5654271443684]"
00000190,4,2.789943326293593,0.7029963731765747,0.7051127552986145,"[841.8961954116821, 314.7830278078716]","[839.1078643798828, 314.8778635660808]"
00000190,5,0.5618096272964307,0.7953601479530334,0.796560525894165,"[808.9181725184123, 375.2427349885304]","[808.3576100667317, 375.2801488240559]"
00000190,6,0.49877411412549094,0.7193758487701416,0.7199021577835083,"[850.6903348498874, 385.1361416180929]","[851.1883214314778, 385.16415913899743]"
00000190,7,0.5953073471803415,0.7953883409500122,0.7963517904281616,"[844.0947302712334, 456.5885228315989]","[843.5007578531902, 456.54867808024085]"
00000190,8,0.6489311386242156,0.8154352307319641,0.8150348663330078,"[897.9588343302407, 488.46727752685547]","[897.3137029012046, 488.39715576171875]"
00000190,9,1.1394648080995056,0.8360922336578369,0.8380030393600464,"[762.7489404678345, 501.658486366272]","[762.2322285970051, 502.6740595499674]"
00000190,10,1.6946042210572316,0.6206903457641602,0.6197352409362793,"[841.8961954116821, 544.5299150943756]","[840.2060877482097, 544.4065475463867]"
00000190,11,0.5438482467312147,0.6567986607551575,0.6554303765296936,"[825.4071839650471, 575.3094023863474]","[825.9291839599609, 575.1568018595377]"
00000190,12,0.5936009374510067,0.5671772956848145,0.5652757883071899,"[822.1093816757202, 577.5079371929169]","[821.5362904866536, 577.3532485961914]"
00000190,13,0.6830888597323888,0.646605372428894,0.6457520127296448,"[862.7822765774197, 734.7031758626301]","[862.1705551147461, 734.399190266927]"
00000190,14,0.9767737111381146,0.7273330092430115,0.7265887260437012,"[774.8408821953667, 735.8024432659149]","[775.410909016927, 736.5956370035808]"
00000190,15,0.8215414369048764,0.7508689761161804,0.748295783996582,"[1015.5804493162368, 784.170209010442]","[1015.9218266805015, 784.9174652099609]"
00000190,16,0.8220436213672151,0.7968997955322266,0.7983748912811279,"[744.0613941616482, 883.1042753060658]","[743.5624313354492, 883.757568359375]"
00000190,17,2.073978335079996,0.7873649597167969,0.7868694067001343,"[811.1167073779636, 263.11745985349023]","[809.4558334350586, 264.3595886230469]"
00000190,18,0.576997208148337,0.8433163166046143,0.8440506458282471,"[824.3079165352715, 366.4485957622528]","[823.7327372233074, 366.4943618774414]"
00000190,19,0.5430352455103007,0.8246716260910034,0.8225961327552795,"[827.6057188245986, 579.7064719994863]","[828.1256306966147, 579.5496953328451]"
00000190,20,1.7987155967453405,0.6895103454589844,0.7148058414459229,"[1039.7643327713013, 863.317462046941]","[1040.0827407836914, 865.0877710978191]"
00000190,21,0.6327350894184818,0.8309406042098999,0.8280437588691711,"[690.1972901026407, 885.3028101126354]","[689.7494862874349, 884.8557917277019]"
00000190,22,2.269971638009484,0.71815025806427,0.7311275005340576,"[1046.359937349955, 854.5233228206635]","[1047.7703043619792, 856.3019841512044]"
00000190,23,0.6334990174956935,0.7828595638275146,0.787350058555603,"[694.5943598217434, 882.0050079027812]","[694.1423797607422, 881.5611216227214]"
00000190,24,0.4648941442963284,0.8034951686859131,0.8080673217773438,"[1044.1614024904038, 775.3760697841644]","[1044.4756342569985, 775.0334548950195]"
00000190,25,0.6997631250351661,0.7123766541481018,0.7179962992668152,"[760.5504056082832, 913.8837625980377]","[760.0357818603516, 913.4095993041992]"
00000199,0,1.6657996146208092,0.944646954536438,0.9460569024085999,"[599.3689811494615, 335.874582529068]","[600.0839504665798, 337.3791446685791]"
00000199,1,0.5671823301874587,0.9821754693984985,0.9846205711364746,"[611.1440982818604, 325.1699308554331]","[610.784496307373, 325.60854482650757]"
00000199,2,1.550763561187504,0.869243323802948,0.871656060218811,"[604.7213071187336, 324.0994656880697]","[604.3641688028971, 325.60854482650757]"
00000199,3,0.9455027401377475,0.8990393877029419,0.9030803442001343,"[642.187588903639, 340.15644319852197]","[642.8861338297526, 339.5192537307739]"
00000199,4,0.5720829006665155,0.6786103248596191,0.6803056001663208,"[640.0466585159302, 332.66318702697754]","[639.6759700775146, 333.09892654418945]"
00000199,5,0.8073973418009407,0.8197804689407349,0.8175761699676514,"[645.3989844852024, 407.5957487424215]","[646.0962975819906, 408.0027437210083]"
00000199,6,0.5506544712524029,0.7372011542320251,0.7347058653831482,"[646.4694496790569, 412.9480745792389]","[646.0962975819906, 413.35301637649536]"
00000199,7,0.7750855395458478,0.8739701509475708,0.8735530972480774,"[703.204104953342, 476.10551945368456]","[703.8792451222737, 476.4862337112427]"
00000199,8,0.9837301351572423,0.6438795328140259,0.6425132155418396,"[662.5264275868733, 505.00807897249865]","[663.2171709272596, 504.3076515197754]"
00000199,9,0.5096555182711627,0.8308984637260437,0.8325350284576416,"[632.5534021589491, 548.8971508344014]","[632.1855879889595, 549.2499418258667]"
00000199,10,0.797955359072289,0.7739667892456055,0.7652669548988342,"[598.2985159556072, 542.4743598302205]","[597.9438412984213, 541.7595601081848]"
00000199,11,1.0129429745783576,0.7096784114837646,0.7064689993858337,"[655.0331712298923, 603.4908743699391]","[655.7267888387045, 602.7526683807373]"
00000199,12,0.5095266129738386,0.6461837291717529,0.6433359384536743,"[680.7243358823988, 602.4204092025757]","[680.3380442725288, 602.7526683807373]"
00000199,13,0.44408795989188143,0.8114851713180542,0.809773862361908,"[597.2280507617527, 770.4834404786429]","[596.8737867143419, 770.751229763031]"
00000199,14,1.0531905875889072,0.7464777827262878,0.7456944584846497,"[665.7378231684368, 754.4264629681907]","[666.4273346794976, 753.6303572654724]"
00000199,15,0.9153144188744065,0.776672899723053,0.774819552898407,"[727.8248044119941, 819.7248381773629]","[727.4204459720188, 818.9036836624146]"
00000199,16,0.9396736626782966,0.8200352191925049,0.8176984786987305,"[711.7678265041775, 897.8687953948975]","[711.369627210829, 897.0176644325256]"
00000199,17,1.5093487781298982,0.8475556373596191,0.8495920300483704,"[636.8352629343669, 285.56271966298425]","[635.3957517411974, 286.0165271759033]"
00000199,18,0.557150664853426,0.9068039059638977,0.9049251675605774,"[642.187588903639, 386.18644539515174]","[641.8160792456733, 386.60165309906006]"
00000199,19,0.7655821233396043,0.9552315473556519,0.9583792686462402,"[664.6673579745823, 603.4908743699391]","[665.3572800954183, 603.8227229118347]"
00000199,20,1.9611211936072248,0.5910264253616333,0.5874843001365662,"[731.0361999935574, 891.4460043907166]","[730.6306097242568, 889.5272827148438]"
00000199,21,1.1040136989699276,0.8681161403656006,0.8695024847984314,"[665.7378231684368, 926.7713549137115]","[666.4273346794976, 925.9091367721558]"
00000199,22,1.0759530219502018,0.6270387768745422,0.6217427253723145,"[726.7543392181396, 881.8118178844452]","[727.4204459720188, 880.9668464660645]"
00000199,23,1.1003593733167634,0.8196343183517456,0.8208234310150146,"[674.3015447192722, 921.4190290768943]","[674.9877713521321, 920.5588641166687]"
00000199,24,0.9162444023134352,0.7366122007369995,0.7363452911376953,"[758.8682950337729, 806.8792561690011]","[758.4520289103191, 806.0630292892456]"
00000199,25,0.6926154237284207,0.7556991577148438,0.7583895921707153,"[744.952247513665, 913.9257729053497]","[745.6113739013672, 914.1385369300842]"
00000208,0,1.3168565935294,0.9683772325515747,0.9685313701629639,"[419.0014953613281, 292.6933059692383]","[418.1192122565376, 293.6708988348644]"
00000208,1,0.29660506880032256,1.004887342453003,1.00626540184021,"[430.34189097086596, 282.4869499206543]","[430.59379662407764, 282.33036732673645]"
00000208,2,1.316708269666512,0.8952719569206238,0.897030234336853,"[422.40361404418945, 279.08483123779297]","[421.52137162950305, 280.06226102511096]"
00000208,3,0.8954869214876698,0.9731453657150269,0.9725152254104614,"[465.497117360433, 299.49754333496094]","[464.61539035373266, 299.3411645889282]"
00000208,4,1.3954810806446412,0.6908643841743469,0.6900721192359924,"[490.445987701416, 289.29118728637695]","[491.83266533745655, 289.13468623161316]"
00000208,5,0.29657007394337725,0.7863636016845703,0.7885416746139526,"[476.8375129699707, 363.0037587483723]","[477.0899747212728, 362.8481410344441]"
00000208,6,0.8951272691688247,0.6975545883178711,0.6994116306304932,"[484.7757898966471, 363.0037587483723]","[483.89429346720374, 362.8481410344441]"
00000208,7,0.8941969535423384,0.823971152305603,0.8259996175765991,"[550.5500844319661, 437.85036977132165]","[549.66937467787, 437.695648988088]"
00000208,8,1.0115335879598755,0.5473275780677795,0.5498133301734924,"[507.45658111572266, 445.78864669799805]","[507.70940907796216, 446.7680741945902]"
00000208,9,0.29558077663422744,0.7783434391021729,0.7785347700119019,"[453.0226821899414, 482.0779126485189]","[453.2748591105143, 481.9237218697866]"
00000208,10,0.29531652552544824,0.5768184661865234,0.5832099914550781,"[429.2078514099121, 485.48003133138025]","[429.45974349975586, 485.325881322225]"
00000208,11,0.2951582396581245,0.6621956825256348,0.6630902886390686,"[455.290761311849, 553.5224049886068]","[455.54296535915796, 553.3690703709921]"
00000208,12,0.29567993715468827,0.6209543943405151,0.6216210126876831,"[506.3225415547689, 553.5224049886068]","[506.5753559536404, 553.3690703709921]"
00000208,13,1.3097864873621092,0.7434809803962708,0.7448078393936157,"[406.52706019083666, 720.2262204488118]","[406.7786810133192, 718.9408303896587]"
00000208,14,0.29501894683083835,0.6864631772041321,0.6880831718444824,"[530.1373723347981, 699.8135083516438]","[530.3904715643989, 699.6619268258412]"
00000208,15,0.2924839002523985,0.7944152355194092,0.795245885848999,"[391.7845458984375, 881.259838104248]","[392.0359903971354, 881.1104309558868]"
00000208,16,1.0160515006433577,0.7403618097305298,0.7408187389373779,"[632.200932820638, 803.0111083984375]","[632.4552527533638, 803.9948167006175]"
00000208,17,0.8957293420435078,0.8290184736251831,0.8288768529891968,"[456.42480087280273, 234.8572883605957]","[455.54296535915796, 234.7001349925995]"
00000208,18,0.29659629931554177,0.8668636083602905,0.8677184581756592,"[468.8992360432942, 345.9931653340657]","[469.15160285102, 345.8373437722523]"
00000208,19,0.29539208987772203,0.8286793828010559,0.8285993337631226,"[480.23963165283203, 556.9245236714681]","[480.4921340942383, 556.7712298234304]"
00000208,20,1.3927599961222275,0.767065167427063,0.765458345413208,"[327.14429092407227, 882.3938776652019]","[328.5290154351128, 882.2444841066997]"
00000208,21,0.8921804430790817,0.7884434461593628,0.786549985408783,"[643.5413284301758, 889.1981150309246]","[642.6617308722603, 889.0488030115764]"
00000208,22,0.29178515211453765,0.8388543128967285,0.8375037312507629,"[333.9485282897949, 898.2704315185547]","[334.19928105672193, 898.1212282180786]"
00000208,23,0.8920893939283371,0.7179746031761169,0.7190278768539429,"[652.6136449178059, 881.259838104248]","[651.7341558668348, 881.1104309558868]"
00000208,24,1.3075674420606564,0.8113051652908325,0.8091625571250916,"[404.2589810689291, 908.4767875671387]","[404.51057476467554, 907.1936534245808]"
00000208,25,0.2957158780462661,0.7597754001617432,0.7610341310501099,"[659.4178822835287, 803.0111083984375]","[659.6725277370876, 802.8607635498047]"
00000217,0,0.8240056928623761,0.9370880126953125,0.9375165700912476,"[238.17804972330725, 331.79635302225756]","[237.6091423034668, 331.20025761922204]"
00000217,1,0.7327157402870861,0.9897174835205078,0.9914453029632568,"[249.18261845906568, 321.89224116007495]","[249.71400705973304, 322.3967196146647]"
00000217,2,0.7985017761080424,0.865759015083313,0.8698368072509766,"[242.57987721761071, 319.6913274129232]","[243.11135355631518, 319.0953928629557]"
00000217,3,0.7322979986117983,0.932174801826477,0.9313771724700928,"[279.99541091918945, 335.0977236429851]","[280.5263900756836, 335.6020266215006]"
00000217,4,0.7319874354906463,0.6314394474029541,0.6290476322174072,"[318.511401494344, 328.49498240153]","[319.0418688456218, 328.99937311808264]"
00000217,5,0.7314522089046068,0.7931207418441772,0.7905811667442322,"[300.9040915171305, 405.52696355183923]","[301.4347928365071, 406.030330657959]"
00000217,6,0.7315041642700111,0.6812688708305359,0.678229033946991,"[297.60272089640307, 403.3260498046875]","[298.1334660847981, 403.8294461568196]"
00000217,7,0.799482937355329,0.8246092796325684,0.8226308822631836,"[339.42008209228516, 504.5680821736654]","[339.9502716064453, 503.96969095865893]"
00000217,8,1.6882326878568994,0.5299454927444458,0.5302070379257202,"[311.90866025288904, 489.1616859436035]","[312.43921534220385, 490.764383951823]"
00000217,9,0.7312503610509389,0.8158933520317078,0.818342924118042,"[243.68033409118652, 488.0612290700277]","[244.21179580688477, 488.5634994506836]"
00000217,10,0.7590445006083701,0.4828885495662689,0.48186302185058594,"[244.78079096476245, 479.2575740814209]","[244.21179580688477, 479.7599614461262]"
00000217,11,0.7298831597136468,0.6468707323074341,0.6459143161773682,"[284.3972384134929, 594.8055458068848]","[284.92815907796216, 595.3063977559407]"
00000217,12,0.800584267523142,0.5477024912834167,0.5449870824813843,"[316.3104877471924, 594.8055458068848]","[316.8409843444824, 594.2059555053711]"
00000217,13,1.6974069542481351,0.7201889753341675,0.7185181975364685,"[228.27393786112464, 746.6685943603516]","[227.70516204833984, 748.2678705851235]"
00000217,14,1.7429203160603117,0.6870940923690796,0.691342830657959,"[289.89952278137207, 753.2713356018066]","[288.22948582967115, 753.7700818379722]"
00000217,15,0.7551111733070336,0.7531893253326416,0.7565026879310608,"[223.8721103668213, 904.0339272816975]","[223.30339304606127, 904.5306701660156]"
00000217,16,0.8299574901199768,0.717390775680542,0.7178621292114258,"[423.05480448404955, 774.1800161997478]","[422.4834403991699, 773.5780423482261]"
00000217,17,0.7611452146403297,0.8289765119552612,0.8269755244255066,"[276.6940402984619, 276.7735093434652]","[276.124621073405, 277.2785873413086]"
00000217,18,0.8249562350185782,0.8867599964141846,0.883442223072052,"[289.89952278137207, 381.31691233317065]","[289.32992808024096, 380.7201588948568]"
00000217,19,0.7297673624888155,0.8111268877983093,0.8105418682098389,"[294.30135027567553, 597.0064595540365]","[294.8321393330891, 597.5072822570801]"
00000217,20,0.7544355229910463,0.8112033009529114,0.8191251754760742,"[168.84926668802893, 918.3398666381836]","[168.28128051757812, 918.8364194234214]"
00000217,21,0.8313167120150018,0.5714229345321655,0.5715750455856323,"[484.6803894042969, 856.7142817179363]","[484.1082064310709, 856.1112111409507]"
00000217,22,0.8051263664369208,0.8417040109634399,0.8510627746582031,"[178.75337855021155, 929.3444353739421]","[179.28570302327478, 928.7403996785483]"
00000217,23,1.7968311112203612,0.5395291447639465,0.5418960452079773,"[484.6803894042969, 840.2074286142986]","[484.1082064310709, 838.5041351318359]"
00000217,24,0.7271889350634871,0.76535964012146,0.7661757469177246,"[253.58444595336914, 923.8421510060627]","[254.11577606201172, 924.3386306762695]"
00000217,25,2.8370879152252013,0.6503764390945435,0.6500822305679321,"[446.1643988291423, 751.070421854655]","[443.3918431599934, 750.4687550862632]"
00000226,0,0.27965252378975824,0.9317853450775146,0.9398330450057983,"[69.15568860371906, 326.943115234375]","[69.0022591484917, 326.70930989583326]"
00000226,1,0.8857247853537441,0.994007408618927,0.995404839515686,"[77.99973191155328, 314.782555103302]","[77.8458582560221, 315.6548115412395]"
00000226,2,0.27924735405809054,0.8586296439170837,0.8668093085289001,"[74.68321567111548, 313.6770496368408]","[74.52950859069824, 313.44391187032056]"
00000226,3,1.2821095412762686,0.8883209228515625,0.8941366672515869,"[103.4263564215766, 328.0486207008362]","[102.16575580173071, 327.8147597312927]"
00000226,4,1.6412236620179383,0.6720510125160217,0.6723278760910034,"[135.4860134124756, 326.943115234375]","[136.4347023434109, 325.603860060374]"
00000226,5,1.3518086236449591,0.764122724533081,0.7660408020019531,"[94.58231311374243, 399.906476020813]","[94.4276065826416, 398.5635492006937]"
00000226,6,0.8819645086373237,0.7442922592163086,0.7469340562820435,"[166.44016498989532, 406.5395088195801]","[166.28184933132593, 407.4071478843689]"
00000226,7,0.2878159671049102,0.7648741006851196,0.7670078277587891,"[97.89882935418024, 501.6129789352417]","[97.74395624796546, 501.3703838984171]"
00000226,8,1.289471909918055,0.8037371039390564,0.8081489205360413,"[221.715435663859, 491.66342973709106]","[220.44889386494947, 491.4213353792826]"
00000226,9,1.3535935935352315,0.7725914716720581,0.7933052182197571,"[29.35749371846515, 443.0211892127991]","[29.206063164604984, 441.67609278361]"
00000226,10,2.3816481228170603,0.634706974029541,0.6389755606651306,"[163.12364874945746, 542.5166811943054]","[160.75459988911945, 542.2720278104147]"
00000226,11,1.5260776658031778,0.6122627854347229,0.6198822259902954,"[126.64197010464136, 590.0534162521362]","[125.38020345899793, 590.9118205706278]"
00000226,12,2.5200708317381273,0.5301820635795593,0.535346508026123,"[168.65117581685388, 587.8424053192139]","[166.28184933132593, 588.7009208997091]"
00000226,13,1.2872984140598265,0.5794634819030762,0.5867924094200134,"[126.64197010464136, 750.3517088890076]","[125.38020345899793, 750.0965968767803]"
00000226,14,0.2960462030661656,0.6715366244316101,0.6768271923065186,"[56.99512905544702, 719.3975558280945]","[56.84231037563745, 719.1440014839172]"
00000226,15,0.980625841114884,0.7523168325424194,0.7568588256835938,"[210.66038152906629, 891.8564085960388]","[211.6052947574192, 891.5941758155823]"
00000226,16,1.5193628586365688,0.6190730929374695,0.6284038424491882,"[138.8025296529134, 846.5306844711304]","[137.54015223185218, 847.3761823972065]"
00000226,17,0.27811765354474444,0.8147730827331543,0.8201213479042053,"[102.32085100809735, 268.3513255119324]","[102.16575580173071, 268.1204686164856]"
00000226,18,0.2831478469473026,0.9008934497833252,0.8985162973403931,"[120.00893762376575, 376.6908612251282]","[119.85295401679144, 376.45455249150586]"
00000226,19,2.3807815308983735,0.8648966550827026,0.8717048168182373,"[139.9080350663927, 598.8974599838257]","[137.54015223185218, 598.6499694188436]"
00000226,20,0.3079374270978296,0.7505830526351929,0.7538121938705444,"[166.44016498989532, 929.443594455719]","[166.28184933132593, 929.1794702212017]"
00000226,21,3.0661592345905735,0.47812068462371826,0.4785885810852051,"[113.37590514289008, 874.1683211326599]","[111.0093549092611, 876.1178781191509]"
00000226,22,0.30837584360184706,0.7481918931007385,0.7530426979064941,"[179.7062299516466, 931.6546053886414]","[179.54724799262152, 931.3903698921204]"
00000226,23,4.786884529641695,0.5151902437210083,0.5169050693511963,"[110.05938890245227, 862.0077610015869]","[107.69300524393714, 866.1688296000164]"
00000226,24,0.979461097774142,0.7476882934570312,0.7427916526794434,"[237.19251145256885, 900.7004523277283]","[238.13609208001026, 900.4377744992573]"
00000226,25,1.5204070076567748,0.5650458335876465,0.5695188045501709,"[171.96769205729163, 858.6912446022034]","[170.70364888509113, 859.53613058726]"
00000235,0,3.4528634683583688,0.7765007019042969,0.7689883708953857,"[-11.583572387695312, 313.24898783365893]","[-14.877463658650754, 312.21334966023767]"
00000235,1,3.792347113947876,0.39271408319473267,0.38123905658721924,"[21.628063837687137, 306.82092920939135]","[24.779105716281492, 304.7107558250427]"
00000235,2,3.1817679168271304,0.3612120747566223,0.33642637729644775,"[15.200005213419558, 308.96361541748047]","[15.132913165622313, 305.7825549443563]"
00000235,3,165.1002689447313,0.44913676381111145,0.573169469833374,"[376.2426312764485, 322.8910757700603]","[375.2574350568983, 487.98840522766113]"
00000235,4,0.08019499115758726,0.6186635494232178,0.6872983574867249,"[334.46025021870935, 325.0337619781494]","[334.52906650967066, 325.07493909200036]"
00000235,5,2.9339885421995224,0.7683484554290771,0.7308595776557922,"[11.98597590128577, 391.4570344289144]","[14.061113993326785, 389.3828862508137]"
00000235,6,1.0073831091686478,0.9400227069854736,0.936424195766449,"[13.057319005330385, 385.02897580464685]","[12.989314821031371, 384.0238906542461]"
00000235,7,1.034678304767891,0.7629331350326538,0.7883104085922241,"[73.05253283182776, 475.02179654439294]","[74.08186764187286, 475.12681579589844]"
00000235,8,1.4747757881115575,0.9387943744659424,0.9402222633361816,"[76.26656214396161, 472.8791103363037]","[75.15366681416833, 471.91141843795776]"
00000235,9,2.2508609316362684,0.7415928840637207,0.775648295879364,"[26.984779357910156, 538.231039683024]","[27.994503233167848, 536.2193655967712]"
00000235,10,1.200888768431812,0.9460622668266296,0.9651070833206177,"[21.628063837687137, 527.5176086425781]","[21.56370819939508, 528.7167717615764]"
00000235,11,3.2205323635525427,0.7778254747390747,0.7753633260726929,"[-0.87014134724933, 588.5841655731201]","[0.12772475348577927, 585.522125085195]"
00000235,12,4.13579718400898,0.7709784507751465,0.7956860065460205,"[8.771946589152037, 585.3701362609863]","[8.702118131849488, 581.2349286079407]"
00000235,13,4.08023543192873,0.8672823905944824,0.8666374683380127,"[0.2012017567952853, 716.073994954427]","[0.12772475348577927, 711.9944211641946]"
00000235,14,5.153701455930021,0.8559828400611877,0.8546310067176819,"[3.4152310689290175, 711.7886225382488]","[3.3431222703721915, 706.635425567627]"
00000235,15,1.1287615689463388,0.9002923965454102,0.8944357633590698,"[101.97879664103186, 802.8527863820393]","[100.87684694925946, 803.0973463058472]"
00000235,16,1.3171396209369977,0.8517405986785889,0.8231350183486938,"[104.1214828491211, 803.924129486084]","[104.09224446614581, 805.2409445444741]"
00000235,17,6.278025572301518,0.7299900650978088,0.7236106395721436,"[-21.22566032409668, 268.25257746378577]","[-24.523656209309934, 262.91059017181396]"
00000235,18,2.2238227242526905,0.5973708629608154,0.5548251271247864,"[-13.726258595784543, 370.03017234802246]","[-15.949262830946168, 370.0905021031698]"
00000235,19,7.354629350986547,0.41469627618789673,0.43750590085983276,"[-1.9414844512939453, 576.7993914286295]","[-2.0158735911051053, 569.4451382954915]"
00000235,20,2.30797958518447,0.48020657896995544,0.46176233887672424,"[119.12028630574542, 876.7754605611165]","[116.9538345336914, 875.979686419169]"
00000235,21,1.3128871305703878,0.30530792474746704,0.2710549533367157,"[116.97760009765625, 888.5602347056072]","[118.02563370598688, 887.7694767316184]"
00000235,22,1.1310167587124207,0.6481360197067261,0.6171216368675232,"[112.6922276814779, 871.4187450408936]","[111.59483867221405, 871.692489941915]"
00000235,23,5.410509443836211,0.39826858043670654,0.5226640105247498,"[385.88471921284986, 347.53196716308594]","[385.9754267798529, 352.94171619415283]"
00000235,24,1.6875203065719324,0.8977252244949341,0.8859659433364868,"[134.1190897623698, 803.924129486084]","[135.1744204627143, 805.2409445444741]"
00000235,25,4.0632575787139515,0.38033515214920044,0.34426942467689514,"[138.40446217854816, 804.9954725901287]","[140.5334163241916, 808.4563419024148]"
00000244,0,0.9503047055610827,0.7291840314865112,0.7381481528282166,"[332.7395426432292, 461.51963456471765]","[333.50410493214923, 462.08401346206665]"
00000244,1,0.7475110639874192,0.5757488012313843,0.5760644674301147,"[326.7312994003296, 459.8810227711996]","[327.47871510187787, 459.8929626146952]"
00000244,2,0.23433527415812,0.572049081325531,0.5648642778396606,"[338.7477858861288, 460.4272267023722]","[338.98173205057776, 460.4407253265381]"
00000244,3,0.8828539818838297,0.6940324306488037,0.6967095136642456,"[316.3534247080485, 467.5278778076172]","[317.07122357686364, 467.01387786865234]"
00000244,4,0.2736460845908609,0.6191570162773132,0.6205171346664429,"[351.8566802342733, 468.0740817387899]","[352.1280371348063, 468.109403292338]"
00000244,5,0.8057557083686849,0.6727575063705444,0.6781796216964722,"[315.8072207768758, 512.8628040949503]","[315.427935441335, 513.573708375295]"
00000244,6,1.9972921453974373,0.6630980968475342,0.6603153347969055,"[362.2345549265543, 513.409008026123]","[363.08329137166345, 515.2169965108236]"
00000244,7,1.49556879423585,0.47743427753448486,0.4895155429840088,"[290.1356360117594, 571.306624730428]","[289.6830879847208, 572.7320812543232]"
00000244,8,1.5640029281351677,0.5473881363868713,0.5331284999847412,"[374.2510414123535, 564.2059736251831]","[372.94302018483484, 565.0634032885234]"
00000244,9,1.1212528900396732,0.360345721244812,0.35785478353500366,"[280.303965250651, 612.2719195683798]","[279.2755964597066, 612.7187592188517]"
00000244,10,1.5260272726202564,0.3439849317073822,0.34451478719711304,"[354.5876998901367, 597.524413426717]","[354.8668506940205, 599.0246914227804]"
00000244,11,2.224231147947435,0.5679064393043518,0.568446695804596,"[333.8319505055745, 624.8346099853516]","[331.8608167966207, 625.8650643030802]"
00000244,12,0.9434633938320076,0.5424216985702515,0.5393466949462891,"[354.041495958964, 620.4649785359701]","[353.22356255849206, 620.9351998964945]"
00000244,13,1.974335152928444,0.5959097146987915,0.5980000495910645,"[334.9243583679199, 702.941772143046]","[332.9563422203064, 703.0996066729227]"
00000244,14,1.2597003814825505,0.5461664795875549,0.5578560829162598,"[348.5794566472372, 693.6563053131104]","[348.29369815190637, 694.8831659952799]"
00000244,15,0.5502905806448722,0.46439364552497864,0.4512425363063812,"[401.5612379709879, 712.2272389729818]","[401.9744439125061, 711.8638100624084]"
00000244,16,0.5654337832901624,0.5331928730010986,0.5511243939399719,"[404.2922576268513, 707.3114035924276]","[404.71325747172045, 706.9339456558228]"
00000244,17,0.3352639922350412,0.6813536882400513,0.6883335709571838,"[332.7395426432292, 436.94045766194665]","[332.40857950846356, 436.8869287172953]"
00000244,18,0.24671379910320496,0.7534962296485901,0.7495801448822021,"[334.9243583679199, 492.6532586415609]","[335.1473930676778, 492.7587253252665]"
00000244,19,1.7267525195323916,0.5754085779190063,0.5599276423454285,"[341.4788055419922, 617.187754948934]","[340.0772574742635, 618.1963863372803]"
00000244,20,1.4752416916048137,0.5354800224304199,0.5076256990432739,"[429.41763846079516, 751.0077180862427]","[429.9103422164917, 752.3982507387797]"
00000244,21,0.3031532285007957,0.8232905864715576,0.8267728090286255,"[426.68661880493164, 751.5539220174154]","[426.62376594543457, 751.8504880269369]"
00000244,22,0.27995931591286977,0.5851109027862549,0.561729907989502,"[422.8631912867228, 742.2684551874796]","[422.78942696253455, 742.5385219256083]"
00000244,23,0.8347564368942958,0.8022961020469666,0.8011367321014404,"[432.14865811665857, 747.7304944992065]","[432.10139306386316, 748.5639117558798]"
00000244,24,0.9681788817231293,0.4310015141963959,0.4209495484828949,"[417.9473559061686, 693.6563053131104]","[417.85956255594886, 692.6921151479086]"
00000244,25,0.6097007058986239,0.5428889989852905,0.5533312559127808,"[416.3087441126505, 697.4797328313192]","[416.7640371322632, 697.0742168426514]"
